GY.06.25,GOJALTI-3,GY.06
GY.08.20,GINDAI - 2 Bala,GY.08
IP.03.16,KANCHI,IP.03
HU.03.14,"REHMATABAD, Khill",HU.03
HU.03.13,KHILL Bala,HU.03
GL.02.05,"HOTO, Skardu",GL.02
GL.03.31,DANYORE-14,GL.03
SO.05.13,JIWANI,SO.05
CE.02.11,"Alfalah Town, Lahore",CE.02
CE.05.16,GOLDEN MODEL TOWN,CE.05
GL.01.25,SAKWAR,GL.01
IP.06.10,AKHSS Sherquilla,IP.06
CE.01.01,HAFIZABAD,CE.01
CE.01.02,JALALPUR BHATIAN,CE.01
CE.01.03,KARIMABAD Hafizabad,CE.01
CE.01.04,PINDI BHATIAN,CE.01
CE.01.05,THATI BHELOLPUR,CE.01
CE.02.02,FAISALABAD,CE.02
CE.02.03,GUJRANWALA,CE.02
CE.02.04,LAHORE,CE.02
CE.02.05,LALA MUSA,CE.02
CE.02.06,SHAHDRA,CE.02
CE.02.07,SIALKOT,CE.02
CE.02.10,"KHANPUR KALAY, Sheikupur",CE.02
CE.03.01,ALLAHABAD,CE.03
CE.03.02,BAHAWALPUR,CE.03
CE.03.03,BAKHAR,CE.03
CE.03.04,"KARIMABAD, Multan",CE.03
CE.03.05,KHANPUR,CE.03
CE.03.06,MULTAN,CE.03
CE.03.07,MUMTAZABAD,CE.03
CE.03.08,RAHIMYAR KHAN,CE.03
CE.03.09,SADIQABAD,CE.03
CE.03.10,SAHIWAL,CE.03
CE.03.11,UCH SHARIF,CE.03
CE.03.12,VEHARI,CE.03
CE.04.01,"AMYN COLONY, Peshawar",CE.04
CE.04.02,MARDAN,CE.04
CE.04.03,Peshawar,CE.04
CE.04.04,LALA TOWN,CE.04
CE.04.05,GOLDEN HOMES,CE.04
CE.05.01,ABBOTABAD,CE.05
CE.05.02,ATTOCK,CE.05
CE.05.03,BHURBAN,CE.05
CE.05.04,ISLAMABAD,CE.05
CE.05.05,"KARIMABAD, Islamabad",CE.05
CE.05.06,MUZAFFARABAD,CE.05
CE.05.07,RAWALPINDI,CE.05
CE.05.08,TAXILA,CE.05
CE.05.09,Golden Jubilee,CE.05
CE.05.10,PRINCE VILLA SOCIETY,CE.05
CE.05.11,ALIPUR FARASH,CE.05
CE.05.12,SHAKERYAL,CE.05
CE.06.01,BHAGTANWALA,CE.06
CE.06.02,BHALWAL,CE.06
CE.06.03,BHERA,CE.06
CE.06.04,CHAK NO.47,CE.06
CE.06.05,CHOHA SAIDEN SHAH,CE.06
CE.06.06,HARANPUR,CE.06
CE.06.07,JAWARIAN,CE.06
CE.06.08,KALRA ESTATE,CE.06
CE.06.10,KOT MOMIN,CE.06
CE.06.11,LILYANI,CE.06
CE.06.12,MANDI BAHAUDIN,CE.06
CE.06.13,MIDH RANJHA,CE.06
CE.06.14,NASEERPUR KALAN,CE.06
CE.06.15,PHULARWAN,CE.06
CE.06.16,PIND DADAN KHAN,CE.06
CE.06.17,PINDI SAIDPUR,CE.06
CE.06.18,SARGODHA,CE.06
CE.06.23,KARIMABAD HOUSING SOCIETY,CE.06
GL.01.01,AMYNABAD Jutiyal,GL.01
GL.01.02,AMYNABAD-1 Nomal,GL.01
GL.01.03,AMYNABAD-2 Nomal,GL.01
GL.01.04,BALADUL KARIM,GL.01
GL.01.05,GILGIT Central,GL.01
GL.01.06,HUSSAINABAD,GL.01
GL.01.07,JUTIYAL,GL.01
GL.01.08,KHOMER,GL.01
GL.01.09,MADINATUL KARIM Nomal-4,GL.01
GL.01.10,MUJAHID COLONY,GL.01
GL.01.11,NOOR COLONY,GL.01
GL.01.12,NOORABAD,GL.01
GL.01.17,SADRUDDINABAD Nomal-3,GL.01
GL.01.18,SATELLITE TOWN Jutiyal,GL.01
GL.01.19,SONIKOTE,GL.01
GL.01.20,YASIN COLONY,GL.01
GL.01.21,ZULFIQARABAD,GL.01
GL.01.22,SONIKOT - 2,GL.01
GL.01.23,"PRINCE TOWN, Gilgit",GL.01
GL.01.24,SHAH KARIM HOSTEL,GL.01
GL.01.97,CHILAS,GL.01
GL.01.98,Bunji 2,GL.01
GL.01.99,Bunji 1,GL.01
GL.02.01,GAMBA,GL.02
GL.02.02,"KHAPLU, Baltistan",GL.02
GL.02.03,SATELLITE TOWN Skardu,GL.02
GL.02.04,SKARDU,GL.02
GL.03.01,DANYORE-1,GL.03
GL.03.02,DANYORE-10,GL.03
GL.03.03,DANYORE-11,GL.03
GL.03.04,DANYORE-12,GL.03
GL.03.05,DANYORE-2,GL.03
GL.03.06,DANYORE-3,GL.03
GL.03.07,DANYORE-4,GL.03
GL.03.08,DANYORE-5,GL.03
GL.03.09,DANYORE-6,GL.03
GL.03.10,DANYORE-7,GL.03
GL.03.11,DANYORE-8,GL.03
GL.03.12,DANYORE-9,GL.03
GL.03.13,OSHIKHANDAS-1,GL.03
GL.03.14,OSHIKHANDAS-2,GL.03
GL.03.15,OSHIKHANDAS-3,GL.03
GL.03.16,OSHIKHANDAS-4,GL.03
GL.03.17,OSHIKHANDAS-5,GL.03
GL.03.18,OSHIKHANDAS-6,GL.03
GL.03.19,OSHIKHANDAS-7,GL.03
GL.03.20,OSHIKHANDAS-8,GL.03
GL.03.21,SULTANABAD-1,GL.03
GL.03.22,SULTANABAD-2,GL.03
GL.03.23,SULTANABAD-3,GL.03
GL.03.24,SULTANABAD-4,GL.03
GL.03.25,OSHIKHANDAS-9,GL.03
GL.03.26,RAHIMABAD-1,GL.03
GL.03.27,RAHIMABAD-2,GL.03
GL.03.28,RAHIMABAD-3,GL.03
GL.03.29,RAHIMABAD-4,GL.03
GY.01.01,ALYABAD Hundrap-3,GY.01
GY.01.02,BARSET-1,GY.01
GY.01.03,BARSET-2,GY.01
GY.01.04,BARSET-3,GY.01
GY.01.05,BARSET-4 Brundan,GY.01
GY.01.06,BARSET-5 Akhtobaring,GY.01
GY.01.07,BARSET-6 Utaily,GY.01
GY.01.08,BOYANDEH,GY.01
GY.01.09,GHOLAGHMULLI Central,GY.01
GY.01.10,GHOLAGHTORI,GY.01
GY.01.11,HELTY,GY.01
GY.01.12,HUNDRAP-1 Paien,GY.01
GY.01.13,HUNDRAP-2 Bala,GY.01
GY.01.14,HUSSAINABAD,GY.01
GY.01.15,KARIMABAD Teru-4,GY.01
GY.01.16,KHONANDEH,GY.01
GY.01.17,SHAHIMAL,GY.01
GY.01.18,TERECH,GY.01
GY.01.19,TERU-1 Bahachi,GY.01
GY.01.20,TERU-2 Paien,GY.01
GY.01.21,TERU-3 Bala,GY.01
GY.01.22,HERKUSH,GY.01
GY.01.23,"MOMINABAD, Teru",GY.01
GY.02.01,ALY BASTI,GY.02
GY.02.02,ALYABAD,GY.02
GY.02.03,CHIRMAYUN,GY.02
GY.02.04,DALTI,GY.02
GY.02.05,DODOSHOT,GY.02
GY.02.06,DROTE,GY.02
GY.02.07,DURNAK,GY.02
GY.02.08,GAMIS,GY.02
GY.02.09,GUPIS Central,GY.02
GY.02.10,GUPIS-1 Daas,GY.02
GY.02.11,GUPIS-2 Bala,GY.02
GY.02.12,HAKIS,GY.02
GY.02.13,HAMARDAS,GY.02
GY.02.14,KARIMABAD-1 Sub Centre,GY.02
GY.02.15,KARIMABAD-2 Bala,GY.02
GY.02.16,KARIMABAD-3 Paien,GY.02
GY.02.17,KASHBAT,GY.02
GY.02.18,KHALTI,GY.02
GY.02.19,MAULAABAD,GY.02
GY.02.20,NOORABAD,GY.02
GY.02.21,RAUSHAN,GY.02
GY.02.22,SUMAL,GY.02
GY.02.23,TALIDAS,GY.02
GY.02.24,YANGAL-1 Paien,GY.02
GY.02.25,YANGAL-2 Bala,GY.02
GY.02.26,ZULFIQARABAD Khalti,GY.02
GY.03.01,ALYABAD Anotek,GY.03
GY.03.02,ALYABAD Shamaran-4,GY.03
GY.03.03,BEREST,GY.03
GY.03.04,CHASHI-1 Bala,GY.03
GY.03.05,CHASHI-2 Paien,GY.03
GY.03.06,CHASHI-3 Tologh,GY.03
GY.03.07,DALOMAL,GY.03
GY.03.08,DALOMAL - 2,GY.03
GY.03.09,DERBARKOLTI-1 Paien,GY.03
GY.03.10,DERBARKOLTI-2 Bala,GY.03
GY.03.11,GHOLOGH,GY.03
GY.03.12,JAFFARABAD Joharbabad,GY.03
GY.03.13,KINOTE,GY.03
GY.03.14,MOMEENABAD Shamaran-5,GY.03
GY.03.15,PHUNDER Central,GY.03
GY.03.16,RAHIMABAD Derberkulti-3,GY.03
GY.03.17,RAWAT - 2,GY.03
GY.03.18,RAWAT Shamaran-3,GY.03
GY.03.19,SERBAL,GY.03
GY.03.20,SHAHABAD,GY.03
GY.03.21,SHAMARAN-1,GY.03
GY.03.22,SHAMARAN-2,GY.03
GY.03.23,SHINGLAT,GY.03
GY.03.24,"KARIMABAD, Serbal",GY.03
GY.04.01,DAHIMAL,GY.04
GY.04.02,HAMER,GY.04
GY.04.03,JIKARUM,GY.04
GY.04.04,JOLIJAL,GY.04
GY.04.05,KHASUNDER,GY.04
GY.04.06,MATUJ LASHT,GY.04
GY.04.07,NOGHOOR LASHT,GY.04
GY.04.08,NOLTY,GY.04
GY.04.09,PAYUKHUSH,GY.04
GY.04.10,PINGAL,GY.04
GY.04.11,SARALO KHOTU,GY.04
GY.04.12,SOSOT,GY.04
GY.04.13,THANGAI Sub-Centre,GY.04
GY.04.99,NIKASOT,GY.04
GY.05.01,BERKULTEY-1,GY.05
GY.05.02,BERKULTEY-2,GY.05
GY.05.03,BERKULTEY-3,GY.05
GY.05.04,BERKULTEY-4,GY.05
GY.05.05,BERKULTEY-5,GY.05
GY.05.06,BERKULTEY-6,GY.05
GY.05.07,BERKULTEY-7 Shaghitan,GY.05
GY.05.08,BERKULTEY-8,GY.05
GY.05.09,DARKUT-1,GY.05
GY.05.10,DARKUT-2,GY.05
GY.05.11,DARKUT-3,GY.05
GY.05.12,DARKUT-4 Gamelti,GY.05
GY.05.13,DARKUT-5 Gartenz,GY.05
GY.05.14,DARKUT-6 Ghasum,GY.05
GY.05.15,HUNDUR Central,GY.05
GY.05.16,HUNDUR-2,GY.05
GY.05.17,HUNDUR-3,GY.05
GY.05.18,HUNDUR-4,GY.05
GY.05.19,HUNDUR-5,GY.05
GY.05.20,HUNDUR-6 Burakot,GY.05
GY.05.21,HUNDUR-7 Terset,GY.05
GY.05.22,UMALSAT-1,GY.05
GY.05.23,UMALSAT-2,GY.05
GY.05.24,DARKUT Sowaray,GY.05
GY.06.01,CHIKMOJOOR,GY.06
GY.06.02,DALSANDEY,GY.06
GY.06.03,GOJALTI-1,GY.06
GY.06.04,GOJALTI-2,GY.06
GY.06.05,MAWLAABAD Sandey-4,GY.06
GY.06.06,QARKULTEY-1 Paien,GY.06
GY.06.07,QARKULTEY-2 Bala,GY.06
GY.06.08,QARKULTEY-3 Bardass,GY.06
GY.06.09,SANDEY - 1,GY.06
GY.06.10,SANDEY - 2 Paien,GY.06
GY.06.11,SANDEY - 3,GY.06
GY.06.12,SANDEY - 5,GY.06
GY.06.13,SULTANABAD-1 SubCentre,GY.06
GY.06.14,SULTANABAD-2,GY.06
GY.06.15,SULTANABAD-3,GY.06
GY.06.16,SULTANABAD-4,GY.06
GY.06.17,TAOUS 7,GY.06
GY.06.18,TAOUS-1,GY.06
GY.06.19,TAOUS-2,GY.06
GY.06.20,TAOUS-3,GY.06
GY.06.21,TAOUS-4,GY.06
GY.06.22,TAOUS-5,GY.06
GY.06.23,TAOUS-6,GY.06
GY.06.24,TAUOUS-8,GY.06
GY.07.01,CHIRYAT,GY.07
GY.07.02,DALKOI,GY.07
GY.07.03,DAPIS,GY.07
GY.07.04,DASS-1 Paien,GY.07
GY.07.05,DASS-2 Bala,GY.07
GY.07.06,DRACH,GY.07
GY.07.07,DRASKIN,GY.07
GY.07.08,GHAINCHEL,GY.07
GY.07.09,HARF-2 Bala,GY.07
GY.07.10,HARF-3 Paien,GY.07
GY.07.11,ISHKAIBAR,GY.07
GY.07.12,ISHKAMDAS,GY.07
GY.07.13,KARIMABAD,GY.07
GY.07.14,KUNO,GY.07
GY.07.15,NALTY - 1,GY.07
GY.07.16,NALTY -2,GY.07
GY.07.17,QADAMABAD,GY.07
GY.07.18,RAHIMABAD,GY.07
GY.07.19,SHOTE,GY.07
GY.07.20,THELTI,GY.07
GY.07.21,THOI Central Harf-1,GY.07
GY.07.22,"HUSSAINABAD, Thoi",GY.07
GY.08.01,ATKASH,GY.08
GY.08.02,BOJAYOUT,GY.08
GY.08.03,DAMALGUN,GY.08
GY.08.04,GINDAI-1,GY.08
GY.08.05,GINDAI-2,GY.08
GY.08.06,GINDAI-3,GY.08
GY.08.08,MAHSHER,GY.08
GY.08.09,MURKAH,GY.08
GY.08.10,NAZBAR-1,GY.08
GY.08.11,NAZBAR-2,GY.08
GY.08.12,NAZBAR-3,GY.08
GY.08.13,NAZBAR-4,GY.08
GY.08.14,NOOH-1 Bala,GY.08
GY.08.15,NOOH-2 Paien,GY.08
GY.08.16,YASIN Central,GY.08
GY.08.17,YASIN-2,GY.08
GY.08.18,YASIN-3,GY.08
GY.08.19,YASIN-4 Manich,GY.08
HU.01.01,AGA KHAN TEKKERY Doiker,HU.01
HU.01.02,AHMEDABAD-1Paien,HU.01
HU.01.03,AHMEDABAD-2 Bala,HU.01
HU.01.04,AL MUSTAFABAD Brumbun,HU.01
HU.01.05,ALTIT Central,HU.01
HU.01.06,AMYNABAD,HU.01
HU.01.07,BARASHAL,HU.01
HU.01.08,BROONGSHAL-Altit,HU.01
HU.01.09,CHOBI KHUSHAL,HU.01
HU.01.10,EMANABAD,HU.01
HU.01.11,FAIZABAD,HU.01
HU.01.12,GANESH Kalan,HU.01
HU.01.13,GARA BEREZ,HU.01
HU.01.14,GHAMESH,HU.01
HU.01.15,HERCHI,HU.01
HU.01.16,IMAMYARABAD,HU.01
HU.01.17,KARIMABAD Central,HU.01
HU.01.18,KARIMABAD-2,HU.01
HU.01.19,MOMINABAD,HU.01
HU.01.20,MUHAMMADABAD,HU.01
HU.01.21,RAHIMABAD,HU.01
HU.01.22,SALMANABAD-1 Bala,HU.01
HU.01.23,SALMANABAD-2 Paien,HU.01
HU.01.24,"SARAT, Ã‚Â Sub Centre",HU.01
HU.01.25,SHANO KHUSHAL,HU.01
HU.01.26,SULTANABAD,HU.01
HU.01.27,ZIARAT Astana,HU.01
HU.01.28,AGA KHAN GIRLS HIGHER SEC. SCHOOL,HU.01
HU.02.01,AGAKHANABAD,HU.02
HU.02.02,ALYABAD Central,HU.02
HU.02.03,ALYABAD DALAT,HU.02
HU.02.04,BERBER,HU.02
HU.02.05,BROONGSHAL-Hyderabad,HU.02
HU.02.06,CHUMER KHAND,HU.02
HU.02.07,DOOR KHUN,HU.02
HU.02.08,FARMANABAD MURTAZAABAD-3,HU.02
HU.02.09,GARELTH,HU.02
HU.02.10,HASSANABAD-1,HU.02
HU.02.11,HASSANABAD-2,HU.02
HU.02.12,HASSANABAD-3,HU.02
HU.02.13,HASSANABAD-4,HU.02
HU.02.14,HYDERABAD Central,HU.02
HU.02.15,KHURU KHUSHAL,HU.02
HU.02.16,MURTAZAABAD-1,HU.02
HU.02.17,MURTAZAABAD-2,HU.02
HU.02.18,MURTAZAABAD-4,HU.02
HU.02.19,RAHIMABAD,HU.02
HU.02.20,SHAHABAD,HU.02
HU.02.21,SHERAZ,HU.02
HU.02.22,SINA KHAN,HU.02
HU.02.23,SULTANABAD,HU.02
HU.03.01,AMYNABAD Kirmin-2,HU.03
HU.03.02,AMYNABAD Yezerich,HU.03
HU.03.03,ISPANGE,HU.03
HU.03.04,KHAIRABAD,HU.03
HU.03.07,NOORABAD Kirmin-3,HU.03
HU.03.08,RAHIMABAD Kirmin-1,HU.03
HU.03.09,RESHIT Central,HU.03
HU.03.10,SHAR-E-SABZ,HU.03
HU.03.11,SHET MERG,HU.03
HU.03.12,ZOOD KHUN,HU.03
HU.04.01,ABGARCH,HU.04
HU.04.02,AMYNABAD Sost Paien,HU.04
HU.04.03,DHI KUNJERAB,HU.04
HU.04.04,GALAPAN,HU.04
HU.04.05,GIRCHA,HU.04
HU.04.06,HUSSAINABAD,HU.04
HU.04.07,IMAMABAD KhudaAbad-3,HU.04
HU.04.08,JAMALABAD,HU.04
HU.04.09,KARIMABAD KhudaAbad-2,HU.04
HU.04.10,KHUDAABAD Central,HU.04
HU.04.11,KHYBER-1,HU.04
HU.04.12,KHYBER-2 Imamabad,HU.04
HU.04.13,MISGAR-1,HU.04
HU.04.14,MISGAR-2,HU.04
HU.04.15,MOORKHUN,HU.04
HU.04.16,NAZIMABAD Sost Bala,HU.04
HU.04.17,SERTEZ,HU.04
HU.05.01,BORETH-1 Paien,HU.05
HU.05.02,BORETH-2 Bala,HU.05
HU.05.03,CHAMAN GUL,HU.05
HU.05.04,DALGIRAM,HU.05
HU.05.05,GULKIN,HU.05
HU.05.06,GULMIT Central,HU.05
HU.05.07,HUSSAINI,HU.05
HU.05.08,JANABAD Passu,HU.05
HU.05.09,KAMARIS,HU.05
HU.05.10,MURADABAD,HU.05
HU.05.11,NAZIMABAD-1Bala,HU.05
HU.05.12,NAZIMABAD-2 Darmiyan,HU.05
HU.05.13,PASSU Janabad,HU.05
HU.05.14,UDBER,HU.05
HU.06.01,HOON KOOT,HU.06
HU.06.02,HUSSAINABAD BALA -3,HU.06
HU.06.03,HUSSAINABAD MASHRAQI-4,HU.06
HU.06.04,HUSSAINABAD-1,HU.06
HU.06.05,HUSSAINABAD-2,HU.06
HU.06.06,KHANABAD-1,HU.06
HU.06.07,KHANABAD-2 Tekkery,HU.06
HU.06.08,KHANABAD-3 Mashraqi,HU.06
HU.06.09,KHIZARABAD,HU.06
HU.06.10,MAYOON,HU.06
HU.06.11,NASIRABAD Central,HU.06
HU.06.12,NASIRABAD-2 Bala,HU.06
HU.06.13,RAHMATABAD,HU.06
HU.06.14,SHAMSABAD Nasirabad,HU.06
HU.07.01,AMYNABAD Shemshal,HU.07
HU.07.02,FARMANABAD Shemshal,HU.07
HU.07.03,KHIZARABAD Shemshal,HU.07
HU.07.04,SHEMSHAL Sub-Centre,HU.07
HU.07.05,SHUJARAF,HU.07
HU.07.06,SHOUWORTH,HU.07
IP.01.01,AMYNABAD,IP.01
IP.01.02,BIRGALE,IP.01
IP.01.03,CHATOORKHAND Central,IP.01
IP.01.04,CHATOORKHAND Paien,IP.01
IP.01.05,CHATOORKHAND-3,IP.01
IP.01.06,CHINAR,IP.01
IP.01.07,DAIEN - 1 Paien,IP.01
IP.01.08,DAIEN - 2 Bala,IP.01
IP.01.09,DAIEN - 3,IP.01
IP.01.10,DAIEN - 4 Dook,IP.01
IP.01.11,DAIEN - 5 GOOL,IP.01
IP.01.12,DAIEN - 7 Paien,IP.01
IP.01.13,FAMANI,IP.01
IP.01.14,KOCHDEH,IP.01
IP.01.15,KOCHDEH - 2,IP.01
IP.01.16,"MAWLAABAD, Daien - 6",IP.01
IP.01.17,PAKORA - 1,IP.01
IP.01.18,PAKORA - 2,IP.01
IP.01.19,PAKORA - 3,IP.01
IP.01.20,RAHIMABAD Shunas,IP.01
IP.01.21,DAIEN Sholja,IP.01
IP.02.01,AIYESH-1,IP.02
IP.02.02,AIYESH-2,IP.02
IP.02.03,AIYESH-3,IP.02
IP.02.04,AZIZABAD Hatoon-6,IP.02
IP.02.05,DAMAS Central,IP.02
IP.02.06,DAMAS-2 Bala,IP.02
IP.02.07,HATOON-1,IP.02
IP.02.08,HATOON-2 Sub-Centre,IP.02
IP.02.09,HATOON-3,IP.02
IP.02.10,HATOON-4,IP.02
IP.02.11,HATOON-5 Mayoon,IP.02
IP.02.12,KUTOOLKEY,IP.02
IP.02.13,NOORABAD Damas,IP.02
IP.02.14,ZULFIQARABAD Damas,IP.02
IP.02.15,"ALYABAD, Damas",IP.02
IP.03.01,ANWERABAD,IP.03
IP.03.02,GAHKUCH-1 Bala,IP.03
IP.03.03,GAHKUCH-2 Bala,IP.03
IP.03.04,GAHKUCH-3 Paien,IP.03
IP.03.05,GAHKUCH-4 Paien,IP.03
IP.03.06,GAKUCH-5 Bala,IP.03
IP.03.07,GOLO DASS - 2,IP.03
IP.03.08,HASIS-1 Paien,IP.03
IP.03.09,HASIS-2 Bala,IP.03
IP.03.10,HASIS-3 Bidiri Khai,IP.03
IP.03.11,SILPI-1 Paien,IP.03
IP.03.12,SILPI-2 Bala,IP.03
IP.03.13,GOLODASS-3,IP.03
IP.03.14,"REHMATABAD, Hasis",IP.03
IP.03.15,AKHSS Hostel,IP.03
IP.04.01,ALYABAD,IP.04
IP.04.02,BARSWAT,IP.04
IP.04.03,BAZAR KUTOO,IP.04
IP.04.04,BILHANZ-1,IP.04
IP.04.05,BILHANZ-2,IP.04
IP.04.06,BOARTH,IP.04
IP.04.07,BOOQ SHAMSABAD,IP.04
IP.04.08,DOWERDAS,IP.04
IP.04.09,GISH GISH-1,IP.04
IP.04.10,GISH GISH-2,IP.04
IP.04.11,IMMIT Central,IP.04
IP.04.12,KUNJ Ganjabad,IP.04
IP.04.13,MOHTRAM DAS,IP.04
IP.04.14,MUJAWAR,IP.04
IP.04.15,NASIRABAD,IP.04
IP.04.16,NAUBAHAR,IP.04
IP.04.17,NOORABAD,IP.04
IP.04.18,RAHIMABAD Bar Jungle,IP.04
IP.04.19,REHMATABAD-1 Mujawar,IP.04
IP.04.20,SHAMSABAD Kakunekay,IP.04
IP.04.21,SHEHRI ROI,IP.04
IP.04.22,SULTANABAD,IP.04
IP.04.23,TESHNALOT,IP.04
IP.04.24,YAZBIN,IP.04
IP.05.01,ALYBASTI TUSHKIN - 2,IP.05
IP.05.02,DALTI,IP.05
IP.05.03,DAWOODABAD,IP.05
IP.05.04,FAIZABAD,IP.05
IP.05.05,FAIZABAD - 2 Bala,IP.05
IP.05.06,ISKHOMAN Central,IP.05
IP.05.07,JALALABAD,IP.05
IP.05.08,MOMINABAD,IP.05
IP.05.09,RAHIMABAD Gotolti,IP.05
IP.05.10,SHENIKEY,IP.05
IP.05.11,TAPUSHKIN,IP.05
IP.05.12,TUSHKIN,IP.05
IP.05.13,BAHARABAD,IP.05
IP.05.14,"HASSANABAD, Ishkoman",IP.05
IP.05.15,ALIABAD GHOTOLTI MAGJUT,IP.05
IP.06.02,DERENAY,IP.06
IP.06.03,HAMUCHAL,IP.06
IP.06.04,HUSSAINABAD Sherqilla-2,IP.06
IP.06.06,KARIMABAD Sherqilla-Sub-Centre,IP.06
IP.06.07,RAHIMABAD Sherqilla-3,IP.06
IP.06.08,SULTANABAD Sherqilla-4,IP.06
IP.07.01,Al-KARIM Singal - 2,IP.07
IP.07.02,BUBUR-1 Paien,IP.07
IP.07.03,BUBUR-2 Bala,IP.07
IP.07.04,BUBUR-4 Bala,IP.07
IP.07.05,GEECH,IP.07
IP.07.06,GOHARABAD,IP.07
IP.07.07,GULMUTI,IP.07
IP.07.08,GURUNJER-1 Paien,IP.07
IP.07.09,GURUNJER-2 Bala,IP.07
IP.07.10,GURUNJER-3 Bala,IP.07
IP.07.11,HUSSAINABAD Bubur-3 Bala,IP.07
IP.07.12,SINGAL Central,IP.07
IP.07.13,THINGDAS,IP.07
IP.07.14,DAS JAPUK,IP.07
IP.07.15,JAPUKAY,IP.07
LC.01.01,AFZALABAD,LC.01
LC.01.02,ALYABAD Arkari-Central,LC.01
LC.01.03,BESTI - 1 Paien,LC.01
LC.01.04,BESTI - 2 Bala,LC.01
LC.01.05,OWEER-1,LC.01
LC.01.06,OWEER-2 Lasht,LC.01
LC.01.07,PURPUNI,LC.01
LC.01.08,RABAT,LC.01
LC.01.09,RABAT MOKHI,LC.01
LC.01.10,RAHIMABAD,LC.01
LC.01.11,SADDAM,LC.01
LC.01.12,SAFEED ARKARI,LC.01
LC.01.13,SHOL,LC.01
LC.01.14,SHUNJUR GHUCH,LC.01
LC.01.15,SULTANABAD,LC.01
LC.02.01,ARGESH Parsan,LC.02
LC.02.02,BALACH,LC.02
LC.02.03,BILBIL Parsan,LC.02
LC.02.04,BILPUK,LC.02
LC.02.05,BODYOUGH,LC.02
LC.02.06,BUHTULI DEH,LC.02
LC.02.07,BUHTULI DOOK,LC.02
LC.02.08,BUHTULI GOOL-1,LC.02
LC.02.09,BUHTULI GOOL-2,LC.02
LC.02.10,CHINAR SOCIETY,LC.02
LC.02.11,HUSSAINABAD,LC.02
LC.02.12,KASETH,LC.02
LC.02.13,KILISHP,LC.02
LC.02.14,LASHT DEH Parsan,LC.02
LC.02.15,MAJIMI Parsan,LC.02
LC.02.16,MIRLAN DEH Parsan,LC.02
LC.02.17,OGHDER,LC.02
LC.02.18,SEEN LASHT,LC.02
LC.02.19,TILGRAM Parsan,LC.02
LC.03.01,BASHQIR-1 Bala,LC.03
LC.03.02,BASHQIR-2 Bala,LC.03
LC.03.03,BASHQIR-3 Paien Sub Centre,LC.03
LC.03.04,BEGHUSHT-1,LC.03
LC.03.05,BEGHUSHT-2,LC.03
LC.03.06,BEGHUSHT-3,LC.03
LC.03.07,BEGHUSHT-4,LC.03
LC.03.08,BEGHUSHT-5,LC.03
LC.03.09,BEHMI,LC.03
LC.03.10,BEKHI-1,LC.03
LC.03.11,BEKHI-2,LC.03
LC.03.12,BISRI,LC.03
LC.03.13,BURBUNO,LC.03
LC.03.14,CHERWIL,LC.03
LC.03.15,DIRI,LC.03
LC.03.16,DROSHP,LC.03
LC.03.17,EEJ,LC.03
LC.03.18,GAJAL,LC.03
LC.03.19,GHOLAKI,LC.03
LC.03.20,JITUR-1,LC.03
LC.03.21,JITUR-2,LC.03
LC.03.22,KANDUJAL-1,LC.03
LC.03.23,KANDUJAL-2,LC.03
LC.03.24,KANDUJAL-3,LC.03
LC.03.25,KHATINJ,LC.03
LC.03.26,KURU Munoor - 5,LC.03
LC.03.27,MAIDAN,LC.03
LC.03.28,MAIDAN-2,LC.03
LC.03.29,MEJEGRAM-1,LC.03
LC.03.30,MEJEGRAM-2,LC.03
LC.03.31,MEJEGRAM-3,LC.03
LC.03.32,MOGH-1,LC.03
LC.03.33,MOGH-2 Neej,LC.03
LC.03.34,MUNOOR-1,LC.03
LC.03.35,MUNOOR-2,LC.03
LC.03.36,MUNOOR-3,LC.03
LC.03.37,MUNOOR-4 Phalam,LC.03
LC.03.38,MURDAN,LC.03
LC.03.39,NARKURAIT-1,LC.03
LC.03.40,NARKURAIT-2,LC.03
LC.03.41,NARKURAIT-3,LC.03
LC.03.42,NARKURAIT-4 Ergo,LC.03
LC.03.43,NASIRABAD Central Ziarat,LC.03
LC.03.44,NIWEST,LC.03
LC.03.45,OCHILASHT,LC.03
LC.03.46,OCHU GOOL-1,LC.03
LC.03.47,OWIRK-1,LC.03
LC.03.48,OWIRK-2,LC.03
LC.03.49,PURTO,LC.03
LC.03.50,PUSTAKI-1,LC.03
LC.03.51,PUSTAKI-2,LC.03
LC.03.52,SANIQ,LC.03
LC.03.53,SANIQ PAIEN,LC.03
LC.03.54,SHAGRAM-1,LC.03
LC.03.55,SHAGRAM-2,LC.03
LC.03.56,TUNIQ,LC.03
LC.03.57,UCHO,LC.03
LC.03.58,UCHU GOOL-2,LC.03
LC.03.59,UTRAIE-1,LC.03
LC.03.60,UTRAIE-2,LC.03
LC.03.61,YOURJOGH,LC.03
LC.03.62,PUSTAKI-3,LC.03
LC.03.63,KISIS,LC.03
LC.03.98,Hazai,LC.03
LC.03.99,DOKH,LC.03
LC.04.01,MADAKLASHT-1,LC.04
LC.04.02,"MADAKLASHT-2, Sub-Centre",LC.04
LC.04.03,MADAKLASHT-3,LC.04
LC.04.04,MADAKLASHT-4,LC.04
LC.04.05,Kashankool,LC.04
LC.04.06,Jangle Deh,LC.04
LC.05.01,ALYABAD Amerdin-2,LC.05
LC.05.02,AMERDIN,LC.05
LC.05.03,BIRZEEN-1,LC.05
LC.05.04,BIRZEEN-2,LC.05
LC.05.05,BIRZEEN-3,LC.05
LC.05.06,ERJIEK,LC.05
LC.05.07,GISTINI,LC.05
LC.05.08,GOHIEK,LC.05
LC.05.09,GOHIEK - 2,LC.05
LC.05.10,GUFTI,LC.05
LC.05.11,GULUGH,LC.05
LC.05.12,JITUR SANIQ,LC.05
LC.05.13,KHOGHIEK,LC.05
LC.05.14,KOCH,LC.05
LC.05.15,LOHUK,LC.05
LC.05.16,NOGH PEDI,LC.05
LC.05.17,OGHUTI,LC.05
LC.05.18,OSHIEKH Musheen,LC.05
LC.05.19,PARABEG Central,LC.05
LC.05.20,ROEE-1,LC.05
LC.05.21,ROEE-2,LC.05
LC.05.22,ROEE-3,LC.05
LC.05.23,SPORTH,LC.05
LC.05.24,WAHAT,LC.05
LC.05.99,MUSHAIN-2 Biar Deh,LC.05
LC.06.01,AWI,LC.06
LC.06.02,GHORO GOOL,LC.06
LC.06.03,HASANABAD,LC.06
LC.06.04,HERENI,LC.06
LC.06.05,ISHPADER,LC.06
LC.06.06,KIRCHUM,LC.06
LC.06.07,KUCH GAH Shuljah,LC.06
LC.06.08,MOMI-1 Paien,LC.06
LC.06.09,MOMI-2 Bala,LC.06
LC.06.10,MOMI-3 Khamjenandeh,LC.06
LC.06.11,MOMOON,LC.06
LC.06.12,PECHUCH,LC.06
LC.06.13,RUJI,LC.06
LC.06.14,RUNI,LC.06
LC.06.15,SHERSHAL,LC.06
LC.06.16,SHOGHORE Central,LC.06
LC.06.17,SHOGHORE GHARI,LC.06
LC.06.18,SIWAHT -3,LC.06
LC.06.19,SIWAHTH-2,LC.06
LC.06.20,SIWATH-1,LC.06
LC.06.21,SUNICH,LC.06
LC.06.22,UCHETUR,LC.06
LC.06.23,OLACE,LC.06
LC.06.24,THEYOL,LC.06
LC.07.01,AJARANDEH,LC.07
LC.07.02,BISH NOGHOR,LC.07
LC.07.03,BRESHGRAM Sub Centre,LC.07
LC.07.04,DALMEER,LC.07
LC.07.05,DARDAI,LC.07
LC.07.06,DARDAI KULUM,LC.07
LC.07.07,DOOK DUR,LC.07
LC.07.08,DRONIL,LC.07
LC.07.09,GALEH,LC.07
LC.07.10,GREE Sub-Centre,LC.07
LC.07.11,HINJIL-1,LC.07
LC.07.12,HINJIL-2,LC.07
LC.07.13,HINJIL-3,LC.07
LC.07.14,KARIMABAD Susum Central,LC.07
LC.07.15,KIYAR,LC.07
LC.07.16,KULUM BRESHGRAM,LC.07
LC.07.17,LORIGRAM,LC.07
LC.07.18,MADASHIL-1,LC.07
LC.07.19,MADASHIL-2,LC.07
LC.07.20,ORGHUCH,LC.07
LC.07.21,ORLAGH,LC.07
LC.07.22,PASTURAGH,LC.07
LC.07.23,PITRAGRAM-1,LC.07
LC.07.24,PITRAGRAM-2,LC.07
LC.07.25,SHAH,LC.07
LC.07.26,SHAHNURUN,LC.07
LC.07.27,SHUTH-1,LC.07
LC.07.28,SHUTH-2,LC.07
LC.07.29,SHUTH-3,LC.07
LC.07.30,SUSUM LASHT,LC.07
LC.07.31,TASHQAR-1,LC.07
LC.07.32,TASHQAR-2,LC.07
LC.07.33,THOK JAL,LC.07
SO.01.01,"AMYNABAD, Karachi",SO.01
SO.01.02,DARKHANA,SO.01
SO.01.03,GULZAR-E-RAHIM,SO.01
SO.01.04,KARIM NAGAR,SO.01
SO.01.06,PLATINUM,SO.01
SO.01.07,Prince Aly S. Khan Colony,SO.01
SO.01.08,REHMANI GARDEN,SO.01
SO.01.09,SULTANABAD,SO.01
SO.02.01,AL AZHAR GARDEN,SO.02
SO.02.02,ALI JIWANI,SO.02
SO.02.03,EVERSHINE,SO.02
SO.02.04,GULSHAN-E-NOOR,SO.02
SO.02.05,INARA GARDEN,SO.02
SO.02.06,"NOORABAD, Karachi",SO.02
SO.02.07,MALIR,SO.02
SO.02.08,MOHAMEDI GIRLS ACADEMY,SO.02
SO.02.09,PRINCE ALY BOYS ACADEMY,SO.02
SO.03.01,ALYABAD,SO.03
SO.03.02,"AMYNABAD, Hyderabad",SO.03
SO.03.03,JHUDO,SO.03
SO.03.04,KHYBER,SO.03
SO.03.05,MUBARAK COLONY,SO.03
SO.03.06,PRINCE ALY ROAD,SO.03
SO.03.07,"RAHIMABAD, Tando Allahyar",SO.03
SO.03.08,SHAH ALY,SO.03
SO.03.09,SUKKUR,SO.03
SO.03.10,SULTANABAD NO.1,SO.03
SO.03.11,SULTANABAD NO.2,SO.03
SO.03.12,SULTANABAD NO.3,SO.03
SO.04.01,AL NOOR,SO.04
SO.04.02,ALYABAD,SO.04
SO.04.03,"KARIMABAD, Karachi",SO.04
SO.04.04,NAZIMABAD,SO.04
SO.04.05,NIZARI,SO.04
SO.04.06,RAHIMABAD,SO.04
SO.04.07,SALIMAHABAD,SO.04
SO.05.01,CHASHMA GOTH,SO.05
SO.05.02,CLIFTON,SO.05
SO.05.03,EBRAHIM HAIDERY No. 1,SO.05
SO.05.04,GWADUR,SO.05
SO.05.05,KHADIJAHABAD,SO.05
SO.05.06,KHARADAR,SO.05
SO.05.07,KORANGI,SO.05
SO.05.08,LAASI,SO.05
SO.05.09,ORMARA,SO.05
SO.05.10,PASNI,SO.05
SO.05.11,QUETTA,SO.05
SO.05.12,RANCHORELINE,SO.05
SO.05.99,Winder,SO.05
SO.06.01,BADIN,SO.06
SO.06.02,NAUABAD,SO.06
SO.06.03,SHAH KAPOOR,SO.06
SO.06.04,SONDA,SO.06
SO.06.05,TALHAR,SO.06
SO.06.06,TANDO BAGO,SO.06
SO.06.07,TANDO MOHAMED KHAN,SO.06
SO.07.01,ALYABAD,SO.07
SO.07.02,BACHAL GOTH,SO.07
SO.07.03,BOHARA,SO.07
SO.07.04,CHACH SARKO Kako Village,SO.07
SO.07.06,GHULAMULLAH,SO.07
SO.07.07,HUSSAINABAD,SO.07
SO.07.08,JATI,SO.07
SO.07.09,KARIMABAD,SO.07
SO.07.10,MIRPUR SAKRO,SO.07
SO.07.11,MUHAMMADABAD,SO.07
SO.07.12,NAU GOTH,SO.07
SO.07.13,RAHIMABAD,SO.07
SO.07.14,RAJABALI GOTH,SO.07
SO.07.15,SUJAWAL,SO.07
SO.07.16,TARR KHUWAJA,SO.07
SO.07.17,VUR,SO.07
SO.07.18,WALI GOTH,SO.07
SO.07.19,JUNGSHAHI,SO.07
UC.01.01,ALYABAD Bang-3,UC.01
UC.01.02,BANG-1 Darmiyan SubCentre,UC.01
UC.01.03,BANG-2 Paien,UC.01
UC.01.04,BIRZOZE-1,UC.01
UC.01.05,CHATU DOOK,UC.01
UC.01.06,DEWSEER,UC.01
UC.01.07,DEWSEER - 2 Paien,UC.01
UC.01.08,EMIT,UC.01
UC.01.09,GAZEEN-1,UC.01
UC.01.10,GAZEEN-2,UC.01
UC.01.11,HUSSAINABAD - 2,UC.01
UC.01.12,HUSSAINABAD Birzoze-2,UC.01
UC.01.13,HYDERABAD,UC.01
UC.01.14,LAGHALABAD,UC.01
UC.01.15,LASHDAN,UC.01
UC.01.16,MERAGRAM-1 Paien,UC.01
UC.01.17,MERAGRAM-2 Bala,UC.01
UC.01.18,MOMEENABAD Bang,UC.01
UC.01.19,MOULAABAD,UC.01
UC.01.20,MUHAMMADABAD,UC.01
UC.01.21,PARDAN,UC.01
UC.01.22,PASHK,UC.01
UC.01.23,PATRANGAZ,UC.01
UC.01.24,PAWER-1 Uchu Hoon,UC.01
UC.01.25,PAWER-2,UC.01
UC.01.26,SHICH,UC.01
UC.01.27,SHOL KUCH,UC.01
UC.01.28,URKAN,UC.01
UC.01.29,WASUM Bala Sub Centre,UC.01
UC.01.30,WASUM-2 Paien,UC.01
UC.01.31,ZUPU,UC.01
UC.01.32,DONICH,UC.01
UC.02.01,ALYABAD PARWAK,UC.02
UC.02.02,AWI BAND-1,UC.02
UC.02.03,AWI BAND-2,UC.02
UC.02.04,AWI LASHT Sub Centre,UC.02
UC.02.05,AWI LURANDEH,UC.02
UC.02.06,AWI MANDAGH,UC.02
UC.02.07,AWI SINGANDEH,UC.02
UC.02.08,BAZANDEH,UC.02
UC.02.09,BOLAN LASHT Mulgram,UC.02
UC.02.10,BOONI Centre,UC.02
UC.02.11,BOZIR,UC.02
UC.02.12,BUTAKHAN DEH,UC.02
UC.02.13,CHARUN OVEER,UC.02
UC.02.14,CHARUN Sub Centre,UC.02
UC.02.15,DARIYANO,UC.02
UC.02.16,DUKANDEH,UC.02
UC.02.17,DUMADUMI,UC.02
UC.02.18,GOOL GUCH,UC.02
UC.02.19,GREEN LASHT,UC.02
UC.02.20,HUSSAINABAD Junali Koch,UC.02
UC.02.21,ISHPARDER Krui Junali,UC.02
UC.02.22,JUNALI KUCH-1 Paien,UC.02
UC.02.23,JUNALI KUCH-2 Bala,UC.02
UC.02.24,JUNALI KUCH-3 Paien,UC.02
UC.02.25,KHORA GOOL,UC.02
UC.02.26,KRUI GOLOGH AWI,UC.02
UC.02.27,KRUI JUNALI HOON,UC.02
UC.02.28,KRUICHAT PARWAK Sub Centre,UC.02
UC.02.29,KURAGH,UC.02
UC.02.30,LASHT BOONI,UC.02
UC.02.31,LUQANDEH Lutdur,UC.02
UC.02.32,MERAGRAM-1,UC.02
UC.02.33,MERAGRAM-2 Gool,UC.02
UC.02.34,MUGHLANDEH,UC.02
UC.02.35,NISUR GOOL Bala,UC.02
UC.02.36,NIYATABAD sakolasht,UC.02
UC.02.37,PANAN DEH,UC.02
UC.02.38,PARSANIK,UC.02
UC.02.39,PARWAK-1 Paien,UC.02
UC.02.40,PARWAK-2 Paien,UC.02
UC.02.41,QASIMANDEH,UC.02
UC.02.42,QUDRATABAD Nisur Gool,UC.02
UC.02.43,RAHIMABAD PARWAK Bala,UC.02
UC.02.44,RAISANDEH Hisandeh,UC.02
UC.02.45,RESHUN RAGHEEN Sub Centre,UC.02
UC.02.46,SHAGUNAN DEH,UC.02
UC.02.47,SHAKARANDEH,UC.02
UC.02.48,SONOGHOR GOOL,UC.02
UC.02.49,SONOGHOR MULGRAM,UC.02
UC.02.50,SONOGHORE Sub Centre,UC.02
UC.02.51,SULTANABAD Morigar,UC.02
UC.02.52,SYEDABAD PARWAK Bala,UC.02
UC.02.53,TEK-LASHT,UC.02
UC.02.54,ZAIET,UC.02
UC.02.55,Rashun Shader,UC.02
UC.02.56,AWI GUCHDUR,UC.02
UC.02.58,"Booni Girls Hostel, Chitral",UC.02
UC.03.01,ALYABAD Brep,UC.03
UC.03.02,DEH BREP,UC.03
UC.03.03,DIWAN GOOL,UC.03
UC.03.04,DIZG,UC.03
UC.03.05,DOOK Brep,UC.03
UC.03.06,ISTACH,UC.03
UC.03.07,JAMLASHT-1,UC.03
UC.03.08,JAMLASHT-2 Zandrandeh,UC.03
UC.03.09,KARIMABAD Hoon-Bap,UC.03
UC.03.10,KHURUZG,UC.03
UC.03.11,MAHTING Paien,UC.03
UC.03.12,MAHTING-1 Bala,UC.03
UC.03.13,MUSTAFAABAD,UC.03
UC.03.14,NURABAD,UC.03
UC.03.15,PONGODUR DIZG,UC.03
UC.03.16,RAHIMABAD Brep Central,UC.03
UC.03.17,RAHMANABAD,UC.03
UC.03.18,RATHENI,UC.03
UC.03.19,RUSTAMANDEH Kuch,UC.03
UC.03.20,SULTANABAD (KHOTAN LASHT),UC.03
UC.03.22,JAMLASHT-3,UC.03
UC.04.01,ANDERGHECH,UC.04
UC.04.02,CHAT GAZ Sub Centre,UC.04
UC.04.03,DERGHERANDUR,UC.04
UC.04.04,DUKAN,UC.04
UC.04.05,FARDAGH,UC.04
UC.04.06,GOAL KHOT,UC.04
UC.04.07,HOON KHOT,UC.04
UC.04.08,JUMBAI SHAL,UC.04
UC.04.09,KISHEK,UC.04
UC.04.10,LASHTDUR-1 Sub Centre,UC.04
UC.04.11,LASHTDUR-2,UC.04
UC.04.12,LOOGAR,UC.04
UC.04.13,LUNGAR,UC.04
UC.04.14,MARANDEH,UC.04
UC.04.15,NICHAGH-1,UC.04
UC.04.16,NICHAGH-2,UC.04
UC.04.17,NOGHORAN TEK,UC.04
UC.04.18,PUCHUNG-1,UC.04
UC.04.19,PUCHUNG-2,UC.04
UC.04.20,PURKHOT-1,UC.04
UC.04.21,PURKHOT-2,UC.04
UC.04.22,RABAT-2,UC.04
UC.04.23,SHARASTOON,UC.04
UC.04.25,YAKHDIZ-1,UC.04
UC.04.26,YAKHDIZ-2,UC.04
UC.04.27,YAKHDIZ-3,UC.04
UC.04.28,YAKHDIZ-4,UC.04
UC.05.01,BALIM-1,UC.05
UC.05.02,BALIM-2,UC.05
UC.05.03,BALIM-3 Dook,UC.05
UC.05.04,BALIM-4 Tordeh,UC.05
UC.05.05,BROOK-1,UC.05
UC.05.06,BROOK-2,UC.05
UC.05.07,DOWKHAN Balim-5,UC.05
UC.05.08,GADAR SULASPUR,UC.05
UC.05.09,GASHT-1,UC.05
UC.05.10,GASHT-2,UC.05
UC.05.11,GUCHGALL,UC.05
UC.05.12,HERCHIN Central,UC.05
UC.05.13,HUJUNE,UC.05
UC.05.14,HUSSAINABAD Balim-8 Laiden,UC.05
UC.05.15,IMAMABAD BALIM-6,UC.05
UC.05.16,JUBILEEABAD Balim - 7,UC.05
UC.05.17,LASHT-1 Herchin,UC.05
UC.05.18,LASHT-2 Herchin,UC.05
UC.05.19,MAYOON LASHT,UC.05
UC.05.20,NOORABAD Ownshot,UC.05
UC.05.21,OWNSHOT,UC.05
UC.05.22,PARGRAM-1,UC.05
UC.05.23,PARGRAM-2,UC.05
UC.05.24,PORTH-1,UC.05
UC.05.25,PORTH-2,UC.05
UC.05.26,RAMAN-1 Guchdur,UC.05
UC.05.27,RAMAN-2 Kochdur,UC.05
UC.05.28,RAMAN-3 Doshandeh,UC.05
UC.05.29,RAMAN-4 Shaghnandeh,UC.05
UC.05.30,REJUNE,UC.05
UC.05.31,REJUNE - 2,UC.05
UC.05.32,SHAIDAS,UC.05
UC.05.33,SHAIDAS-2,UC.05
UC.05.34,SUR-LASPUR,UC.05
UC.05.35,SHANDUR,UC.05
UC.06.01,ALYABAD Chapali,UC.06
UC.06.02,ALYABAD Chunj-2 Bala,UC.06
UC.06.03,CHAPALI Bala,UC.06
UC.06.04,CHAPALI Guch,UC.06
UC.06.05,CHINAR Central,UC.06
UC.06.06,CHUINJ-1 Paien,UC.06
UC.06.07,DARALOT Mastuj,UC.06
UC.06.08,GHORU BALA,UC.06
UC.06.09,GHORU PAIEN,UC.06
UC.06.10,HOON Mastuj,UC.06
UC.06.11,ISTURDENI,UC.06
UC.06.12,KARGIN-1 Bala,UC.06
UC.06.13,KARGIN-2,UC.06
UC.06.14,KHUZ-1 Paien,UC.06
UC.06.15,KHUZ-2 Darmiyan,UC.06
UC.06.16,KHUZ-3 Bala,UC.06
UC.06.17,LAKAP,UC.06
UC.06.18,MUHAMMADABAD GhoruLasht,UC.06
UC.06.19,NISUR,UC.06
UC.06.20,PARKUSAB-1 Muzhdeh,UC.06
UC.06.21,PARKUSAB-2 Parimali,UC.06
UC.06.22,PASUM,UC.06
UC.06.23,RAHIMABAD Chuinj-3,UC.06
UC.06.24,SARGHOZE-1,UC.06
UC.06.25,SARGHOZE-2,UC.06
UC.06.26,TOOQ - 2 Bala,UC.06
UC.06.27,TOOQ Mastuj,UC.06
UC.07.01,ALYABAD Morder-3,UC.07
UC.07.02,AWNERDER,UC.07
UC.07.03,BAHRIANDUR,UC.07
UC.07.04,BARCHAT,UC.07
UC.07.05,BLOGH,UC.07
UC.07.06,BODO DOK Saht,UC.07
UC.07.07,BUMBAGH,UC.07
UC.07.08,DILSHAD KHUM,UC.07
UC.07.09,DONO Saht,UC.07
UC.07.10,"DOOKDUR Ghat, Bala",UC.07
UC.07.11,ISTARI Saht,UC.07
UC.07.12,KHALANI,UC.07
UC.07.13,KHOL BRUNZK Saht,UC.07
UC.07.15,LOONE-1 Sub Centre,UC.07
UC.07.16,LOONE-2 Krui Deru,UC.07
UC.07.17,LOONE-3 Auzakh,UC.07
UC.07.18,LOONE-4 Pishili,UC.07
UC.07.19,MORDER-1 Paien,UC.07
UC.07.20,MORDER-2 Godok,UC.07
UC.07.21,MULGAHT,UC.07
UC.07.22,MUZDEH Khost Sub Centre,UC.07
UC.07.23,MUZUDUR Saht,UC.07
UC.07.24,NASU DOOK Ghat,UC.07
UC.07.25,NILANDUR Saht,UC.07
UC.07.26,PANJIANTEK,UC.07
UC.07.27,PINDORU GAZ Saht,UC.07
UC.07.28,PISHALDURI,UC.07
UC.07.29,ROGHONDOK,UC.07
UC.07.30,SANDRAGH,UC.07
UC.07.31,SEER BALA,UC.07
UC.07.32,SEER Saht,UC.07
UC.07.33,SHALDUR,UC.07
UC.07.34,SHERANDUR Saht Sub Centre,UC.07
UC.07.35,SHOKORMALI,UC.07
UC.07.36,SHUNJOOR ANN,UC.07
UC.07.37,WARIJUNE Central,UC.07
UC.07.38,ZUNDRANGRAM Trech,UC.07
UC.07.39,Kushum,UC.07
UC.07.40,"KHORA GOLE, Warijune",UC.07
UC.08.01,BOLASHT,UC.08
UC.08.02,DUKAN-1 GoalKhot,UC.08
UC.08.03,DUKAN-2,UC.08
UC.08.04,ISKHAN LASHT,UC.08
UC.08.05,KISHNZOKH,UC.08
UC.08.06,MU-RECH,UC.08
UC.08.07,NIA-LASHT,UC.08
UC.08.08,NISUR RECH Sub Centre,UC.08
UC.08.09,PA-RECH,UC.08
UC.08.10,PURGRAM,UC.08
UC.08.11,RAGH,UC.08
UC.08.12,ROWA Rech,UC.08
UC.08.13,SALANDUR,UC.08
UC.08.14,SHORQ,UC.08
UC.08.15,SIKUCH,UC.08
UC.08.16,SU-RECH Sub Centre,UC.08
UC.09.01,BARKATABAD Boop,UC.09
UC.09.02,BUZUND Sub Centre,UC.09
UC.09.03,KISHWAT - 2 Washich,UC.09
UC.09.04,KISHWAT-1,UC.09
UC.09.05,LAMKUSHUM-1,UC.09
UC.09.06,LAMKUSHUM-2,UC.09
UC.09.07,MAHTING Washich SubCentre,UC.09
UC.09.08,MALANDUR,UC.09
UC.09.09,MAYAR,UC.09
UC.09.10,RABAT-1,UC.09
UC.09.11,SHAGRAM-1 Budandur,UC.09
UC.09.12,SHAGRAM-2 Uch Waht,UC.09
UC.09.13,SHAGRAM-3 (Mayar),UC.09
UC.09.14,SHALANSUR,UC.09
UC.09.15,SHOOL,UC.09
UC.09.16,SHOTKHAR Central,UC.09
UC.09.17,SHOTKHAR-2,UC.09
UC.09.18,SHUCHAN LASHT,UC.09
UC.09.19,TUR MAHTING - 2 Washich,UC.09
UC.09.20,WAZUM,UC.09
UC.09.21,SHOT MELP,UC.09
UC.09.99,DANISHABAD SHOTKHAR - 3,UC.09
UC.10.01,ALYABAD,UC.10
UC.10.02,CHIKAR BROGHIL,UC.10
UC.10.03,CHILMARABAD,UC.10
UC.10.04,CHITISAR,UC.10
UC.10.05,DUBARGAR,UC.10
UC.10.06,DURZU,UC.10
UC.10.07,FAIZABAD Inchipun,UC.10
UC.10.08,GARAMCHASHMA Sub Centre,UC.10
UC.10.09,GAREL Broghil,UC.10
UC.10.10,GHARARUM - 3 Hussainabad,UC.10
UC.10.11,GHIRARUM-1,UC.10
UC.10.12,HASSANABAD INKEP,UC.10
UC.10.13,INKEP Paien,UC.10
UC.10.14,KARIMABAD Ghirarum-2,UC.10
UC.10.15,KHAIRABAD Youkshukut,UC.10
UC.10.16,KHAN KHOON,UC.10
UC.10.17,KHAND-1 Paien,UC.10
UC.10.18,KHAND-2 Bala,UC.10
UC.10.19,KISHMANJAH,UC.10
UC.10.20,LASHKARGAZ,UC.10
UC.10.21,LOOTGAZ,UC.10
UC.10.22,MAIDAN Broghil,UC.10
UC.10.23,MOMINABAD Sholbest -2,UC.10
UC.10.24,OWNAWUCH-1 Paien,UC.10
UC.10.25,OWNAWUCH-2 Bala,UC.10
UC.10.26,PUKTH,UC.10
UC.10.27,RAHIMABAD Shovest (S/C),UC.10
UC.10.28,RUKUT,UC.10
UC.10.29,SALIMAHABAD Koi Chilmarabad,UC.10
UC.10.30,SHIKARWAZ Junali,UC.10
UC.10.31,SKIRMUT,UC.10
UC.10.32,YAKHDAN,UC.10
UC.10.33,YARKHOON LASHT Centre,UC.10
UC.10.34,YOUSHKEST,UC.10
UC.10.35,DARBAND,UC.10
GY.08.07,HELTER,GY.08
CE.05.13,GULSHAN-E-FATIMA,CE.05
CE.05.14,ALI MUHAMMAD SOCIETY,CE.05
CE.05.15,CHITRAL TOWN,CE.05
GL.03.30,DANYORE-13,GL.03
UC.02.59,BOONI GAHLI,UC.02
UC.07.41,"MESHRANDEH, Loone",UC.07
GY.05.25,UMALSAT-3,GY.05
SO.02.10,GULZAR-E-ERUM,SO.02
